Side_of_preferred_DNA,RoseTTAFold2NA_score,AlphaFold3_final_score
left,1.698449597165341e-22,0.0022170421130118588
right,6.032331555111355e-19,0.005474543979658679
