Side_of_preferred_DNA,RoseTTAFold2NA_score,AlphaFold3_final_score
left,0.6703703703703704,0.554320987654321
right,0.34444444444444444,0.5493827160493827
