Side_of_preferred_DNA,RoseTTAFold2NA_score,AlphaFold3_final_score
left,0.42857142857142855,0.5714285714285714
right,0.5714285714285714,0.7142857142857143
